Grupo,Tipo,Archivos incluidos,Fechas,Resoluciones,Similitud,Versión más reciente,Versión corregida probable,Revisar primero,Observaciones
D1,DUPLICADO VISUAL,/Users/danielfuentes/Downloads/4c3d1873-e934-42d3-8e2b-e20675eda48c.png | daisy-bloom-public_html/assets/img/daisy-bloom-vida-natural-bloom-og.webp,2026-06-06 21:43:43 | 2026-06-06 22:45:02,1731x909 | 1200x630,99%,daisy-bloom-public_html/assets/img/daisy-bloom-vida-natural-bloom-og.webp,daisy-bloom-public_html/assets/img/daisy-bloom-vida-natural-bloom-og.webp,daisy-bloom-public_html/assets/img/daisy-bloom-vida-natural-bloom-og.webp,PNG fuente frente a WebP integrado; no recupera una faltante.
D2,DUPLICADO VISUAL,/Users/danielfuentes/Downloads/4269783a-5197-46bd-aa3c-3564b4540bf2.png | daisy-bloom-public_html/assets/img/daisy-bloom-vida-natural-bloom-hero.webp,2026-06-06 21:43:54 | 2026-06-06 22:56:14,1086x1448 | 1200x1500,95%,daisy-bloom-public_html/assets/img/daisy-bloom-vida-natural-bloom-hero.webp,daisy-bloom-public_html/assets/img/daisy-bloom-vida-natural-bloom-hero.webp,daisy-bloom-public_html/assets/img/daisy-bloom-vida-natural-bloom-hero.webp,PNG fuente frente a WebP integrado; no recupera una faltante.
D3,DUPLICADO VISUAL,/Users/danielfuentes/Downloads/1aa6811c-31ff-4787-9bc5-6027e458ae5f.png | daisy-bloom-public_html/assets/img/daisy-bloom-rutas-vida-natural.webp,2026-06-06 21:44:07 | 2026-06-06 23:11:11,1254x1254 | 1200x1200,99%,daisy-bloom-public_html/assets/img/daisy-bloom-rutas-vida-natural.webp,daisy-bloom-public_html/assets/img/daisy-bloom-rutas-vida-natural.webp,daisy-bloom-public_html/assets/img/daisy-bloom-rutas-vida-natural.webp,PNG fuente frente a WebP integrado; no recupera una faltante.
D4,DUPLICADO VISUAL,/Users/danielfuentes/Downloads/663a92f8-1e55-4e47-b6f3-fec4d107ccd9.png | daisy-bloom-public_html/assets/img/daisy-bloom-habitos-saludables.webp,2026-06-06 21:44:15 | 2026-06-06 23:18:49,1122x1402 | 1200x1500,99%,daisy-bloom-public_html/assets/img/daisy-bloom-habitos-saludables.webp,daisy-bloom-public_html/assets/img/daisy-bloom-habitos-saludables.webp,daisy-bloom-public_html/assets/img/daisy-bloom-habitos-saludables.webp,PNG fuente frente a WebP integrado; no recupera una faltante.
D5,DUPLICADO VISUAL,/Users/danielfuentes/Downloads/3832a892-10a9-44d9-8e80-bf472dce2c1d.png | daisy-bloom-public_html/assets/img/daisy-bloom-daisy-guia-vida-natural.webp,2026-06-06 21:44:23 | 2026-06-06 23:26:44,1122x1402 | 1200x1500,99%,daisy-bloom-public_html/assets/img/daisy-bloom-daisy-guia-vida-natural.webp,daisy-bloom-public_html/assets/img/daisy-bloom-daisy-guia-vida-natural.webp,daisy-bloom-public_html/assets/img/daisy-bloom-daisy-guia-vida-natural.webp,PNG fuente frente a WebP integrado; no recupera una faltante.
D6,DUPLICADO VISUAL,/Users/danielfuentes/Downloads/7af32c0a-a127-4d05-abab-22ed3a9624e0.png | daisy-bloom-public_html/assets/img/daisy-bloom-cta-vida-natural.webp,2026-06-06 21:44:30 | 2026-06-06 23:34:41,1122x1402 | 1200x1500,98%,daisy-bloom-public_html/assets/img/daisy-bloom-cta-vida-natural.webp,daisy-bloom-public_html/assets/img/daisy-bloom-cta-vida-natural.webp,daisy-bloom-public_html/assets/img/daisy-bloom-cta-vida-natural.webp,PNG fuente frente a WebP integrado; no recupera una faltante.
V1,VARIANTES DEL MISMO DESTINO,/Users/danielfuentes/Downloads/daisy-bloom-descanso-calma-equilibrio-og..png | /Users/danielfuentes/Downloads/daisy-bloom-descanso-calma-equilibrio-og.png,2026-06-06 22:59:45 | 2026-06-06 23:11:00,1731x909 | 1731x909,Mismo destino; escenas distintas,/Users/danielfuentes/Downloads/daisy-bloom-descanso-calma-equilibrio-og.png,Más reciente probable,/Users/danielfuentes/Downloads/daisy-bloom-descanso-calma-equilibrio-og.png,Conservar ambas; revisar primero la más reciente.
V2,REGENERACIÓN,/Users/danielfuentes/Downloads/daisy-bloom-alimentacion-consciente.png | /Users/danielfuentes/Downloads/daisy-bloom-alimentacion-consciente-dos-mujeres.png,2026-06-06 23:47:35 | 2026-06-06 23:59:19,1254x1254 | 1254x1254,Mismo hábito; una versus dos mujeres,/Users/danielfuentes/Downloads/daisy-bloom-alimentacion-consciente-dos-mujeres.png,No determinable,/Users/danielfuentes/Downloads/daisy-bloom-alimentacion-consciente.png,El nombre exacto es la candidata principal.
V3,ALTERNATIVAS TEMÁTICAS,/Users/danielfuentes/Downloads/daisy-bloom-rutina-semanal-realista.png | /Users/danielfuentes/Downloads/daisy-bloom-sostener-estilo-vida-claro.png,2026-06-07 00:32:24 | 2026-06-07 00:35:01,1254x1254 | 1254x1254,Tema común; escenas distintas,/Users/danielfuentes/Downloads/daisy-bloom-sostener-estilo-vida-claro.png,No determinable,/Users/danielfuentes/Downloads/daisy-bloom-rutina-semanal-realista.png,Usar primero el archivo de nombre exacto.
