ID inventario,Archivo esperado,Landing,Sección,Prioridad,Archivo encontrado,Ruta absoluta,Nombre original,Formato,Dimensiones,Peso,Fecha de modificación,Hash,Hash perceptual,Tipo de correspondencia,Confianza,Justificación,Grupo de variantes,Recomendación,Estado humano
DB-IMG-037,daisy-bloom-cta-habitos-saludables.webp,Habitos Saludables,CTA final,P1,daisy-bloom-cta-habitos-saludables..png,/Users/danielfuentes/Downloads/daisy-bloom-cta-habitos-saludables..png,daisy-bloom-cta-habitos-saludables..png,PNG,1122x1402,2023487,2026-06-06 22:16:17,a78b526970fc7a9c2e67eb23a9280ea13378b1ae5c8cef6da23b2882cd65220a,de09ce0bcc0958095a09181b189b8c9f0f0b13cb138395019f15a7262f668332,"ENCONTRADA — NOMBRE EXACTO, OTRO FORMATO",99,"Nombre base exacto, PNG localizado y escena visual coherente.",,Revisión humana; convertir/redimensionar e integrar solo en fase posterior.,PENDIENTE DE REVISIÓN
DB-IMG-034,daisy-bloom-cta-descanso-calma-equilibrio.webp,Descanso Calma Equilibrio,CTA final,P1,daisy-bloom-cta-descanso-calma-equilibrio.png,/Users/danielfuentes/Downloads/daisy-bloom-cta-descanso-calma-equilibrio.png,daisy-bloom-cta-descanso-calma-equilibrio.png,PNG,1254x1254,2257458,2026-06-06 23:10:36,2682204b490a4b5eca9c217d8e7e29eba28ea4392d4a8ac27223f2780f311c1d,798efb0efa4c7e4c6e4f3e5d991ed1d6b4de9b2d1d881ee91e612bc0b2d0f65c,"ENCONTRADA — NOMBRE EXACTO, OTRO FORMATO",99,"Nombre base exacto, PNG localizado y escena visual coherente.",,Revisión humana; convertir/redimensionar e integrar solo en fase posterior.,PENDIENTE DE REVISIÓN
DB-IMG-038,daisy-bloom-cta-hidratacion-alimentacion-consciente.webp,Hidratacion Alimentacion Consciente,CTA final,P1,daisy-bloom-cta-hidratacion-alimentacion-consciente.webp,/Users/danielfuentes/Downloads/daisy-bloom-cta-hidratacion-alimentacion-consciente.webp,daisy-bloom-cta-hidratacion-alimentacion-consciente.webp,WEBP,1024x1024,219078,2026-06-06 23:56:44,a476ce16e1e5aaa82abe50cd1a8ec86b68acb71cb0fc924d656c1378a1b9909e,e0c660232303439bd1930396228e06a34c85c855db15d3a5d9af4eabc3fb839b,CANDIDATA FUERTE,99,"Nombre y formato exactos; medida 1024x1024 frente a 1400x900, validar recorte.",,Revisión humana; convertir/redimensionar e integrar solo en fase posterior.,PENDIENTE DE REVISIÓN
DB-IMG-080,daisy-bloom-habitos-rutina-manana.webp,Habitos Saludables,Contenido editorial,P2,daisy-bloom-habitos-rutina-manana.png,/Users/danielfuentes/Downloads/daisy-bloom-habitos-rutina-manana.png,daisy-bloom-habitos-rutina-manana.png,PNG,1536x1024,2158999,2026-06-06 22:10:14,ada67f1cc9b98bccf471868d062583d5728bfb0eb4832aeb4b587511c5fbdbdb,660866c266c7a6472667264326d926f5c67546a7a5b6b1cde68de68c370f4793,"ENCONTRADA — NOMBRE EXACTO, OTRO FORMATO",99,"Nombre base exacto, PNG localizado y escena visual coherente.",,Revisión humana; convertir/redimensionar e integrar solo en fase posterior.,PENDIENTE DE REVISIÓN
DB-IMG-081,daisy-bloom-habitos-rutina-noche.webp,Habitos Saludables,Contenido editorial,P2,daisy-bloom-habitos-rutina-noche.png,/Users/danielfuentes/Downloads/daisy-bloom-habitos-rutina-noche.png,daisy-bloom-habitos-rutina-noche.png,PNG,1122x1402,2014685,2026-06-06 22:10:38,f9a4bce96fe9661568faaf9e64c51d2c6de14520c229f6bd0f74d572b52e7824,d10c510b710b311dc119419bb4589878893b0cc6b8de80a4ad924818622c3307,"ENCONTRADA — NOMBRE EXACTO, OTRO FORMATO",99,"Nombre base exacto, PNG localizado y escena visual coherente.",,Revisión humana; convertir/redimensionar e integrar solo en fase posterior.,PENDIENTE DE REVISIÓN
DB-IMG-079,daisy-bloom-habitos-constancia.webp,Habitos Saludables,Contenido editorial,P2,daisy-bloom-habitos-constancia..png,/Users/danielfuentes/Downloads/daisy-bloom-habitos-constancia..png,daisy-bloom-habitos-constancia..png,PNG,1122x1402,2095214,2026-06-06 22:11:01,f29fdf9738faf65a86fabb778bf4faa4172264d76a38cd4b59f6d2cac230d3df,ca018b81cb010e09449123931393119333b923996580842791a1b082cc0b3887,"ENCONTRADA — NOMBRE EXACTO, OTRO FORMATO",99,"Nombre base exacto, PNG localizado y escena visual coherente.",,Revisión humana; convertir/redimensionar e integrar solo en fase posterior.,PENDIENTE DE REVISIÓN
DB-IMG-132,daisy-bloom-rutina-noche-calma.webp,Descanso Calma Equilibrio,Contenido editorial,P2,daisy-bloom-rutina-noche-calma.png,/Users/danielfuentes/Downloads/daisy-bloom-rutina-noche-calma.png,daisy-bloom-rutina-noche-calma.png,PNG,1254x1254,1992073,2026-06-06 23:08:58,6a18d4618aaca0a60e462df4c09c1d1c2f1dee8d11e4ae8222e0878ee5896772,af96ab86e4c6e4c6fec670de789f6c9f6cbdecf0e5d1a731b63d3f3b7b39f731,"ENCONTRADA — NOMBRE EXACTO, OTRO FORMATO",99,"Nombre base exacto, PNG localizado y escena visual coherente.",,Revisión humana; convertir/redimensionar e integrar solo en fase posterior.,PENDIENTE DE REVISIÓN
DB-IMG-003,daisy-bloom-ambiente-descanso.webp,Descanso Calma Equilibrio,Contenido editorial,P2,daisy-bloom-ambiente-descanso.png,/Users/danielfuentes/Downloads/daisy-bloom-ambiente-descanso.png,daisy-bloom-ambiente-descanso.png,PNG,1254x1254,1958211,2026-06-06 23:09:15,8842d55f2165f93933ce5ce0c5f571929b3e0d663002c71c01a2d85c8b4939f4,ae532c53295309530a5309d309cf4dcf4d8f0c872647160f128738510f18d1ae,"ENCONTRADA — NOMBRE EXACTO, OTRO FORMATO",99,"Nombre base exacto, PNG localizado y escena visual coherente.",,Revisión humana; convertir/redimensionar e integrar solo en fase posterior.,PENDIENTE DE REVISIÓN
DB-IMG-076,daisy-bloom-equilibrio-suave.webp,Descanso Calma Equilibrio,Contenido editorial,P2,daisy-bloom-equilibrio-suave.png,/Users/danielfuentes/Downloads/daisy-bloom-equilibrio-suave.png,daisy-bloom-equilibrio-suave.png,PNG,1254x1254,2228328,2026-06-06 23:09:34,8d84a5ba89dd76e4be78331fdfd43d02365b516da438f95a3c00a31aa51c8879,072b079907930790378137a739a6796c6b2c2b3d2763266656e5f264dc46decf,"ENCONTRADA — NOMBRE EXACTO, OTRO FORMATO",99,"Nombre base exacto, PNG localizado y escena visual coherente.",,Revisión humana; convertir/redimensionar e integrar solo en fase posterior.,PENDIENTE DE REVISIÓN
DB-IMG-112,daisy-bloom-pausas-conscientes.webp,Descanso Calma Equilibrio,Contenido editorial,P2,daisy-bloom-pausas-conscientes.png,/Users/danielfuentes/Downloads/daisy-bloom-pausas-conscientes.png,daisy-bloom-pausas-conscientes.png,PNG,1254x1254,1915757,2026-06-06 23:12:02,b536f40c16c56a13fbd83463aa26978c5966d43f2e55fd0304c6481a29873156,ef0eee66fe61f671e171eab1e3b1e5946f446e564e544d0c2fc40dccfb9e31cf,"ENCONTRADA — NOMBRE EXACTO, OTRO FORMATO",99,"Nombre base exacto, PNG localizado y escena visual coherente.",,Revisión humana; convertir/redimensionar e integrar solo en fase posterior.,PENDIENTE DE REVISIÓN
DB-IMG-088,daisy-bloom-hidratacion-diaria.webp,Hidratacion Alimentacion Consciente,Contenido editorial,P2,daisy-bloom-hidratacion-diaria..png,/Users/danielfuentes/Downloads/daisy-bloom-hidratacion-diaria..png,daisy-bloom-hidratacion-diaria..png,PNG,1254x1254,1972899,2026-06-06 23:47:15,9958b2343c1dd1199accc08b4eed1dfdaff8cf2de044531c3e397bd2ab8aaac5,f6745e34dc34fc34ec740c35843504751075943471146dc445c561a573e17b0d,"ENCONTRADA — NOMBRE EXACTO, OTRO FORMATO",99,"Nombre base exacto, PNG localizado y escena visual coherente.",,Revisión humana; convertir/redimensionar e integrar solo en fase posterior.,PENDIENTE DE REVISIÓN
DB-IMG-002,daisy-bloom-alimentacion-consciente.webp,Hidratacion Alimentacion Consciente,Contenido editorial,P2,daisy-bloom-alimentacion-consciente.png,/Users/danielfuentes/Downloads/daisy-bloom-alimentacion-consciente.png,daisy-bloom-alimentacion-consciente.png,PNG,1254x1254,2227775,2026-06-06 23:47:35,174dc6296297242545f012d4460ae6acc28ec89a1c7c8405e19e25c726762b71,8763e1e331b385731b73a9f143b367b7459bcd33c937359547c799868d4e8e62,"ENCONTRADA — NOMBRE EXACTO, OTRO FORMATO",99,"Nombre base exacto, PNG localizado y escena visual coherente.",,Revisión humana; convertir/redimensionar e integrar solo en fase posterior.,PENDIENTE DE REVISIÓN
DB-IMG-077,daisy-bloom-escucha-personal-alimentacion.webp,Hidratacion Alimentacion Consciente,Contenido editorial,P2,daisy-bloom-escucha-personal-alimentacion.png,/Users/danielfuentes/Downloads/daisy-bloom-escucha-personal-alimentacion.png,daisy-bloom-escucha-personal-alimentacion.png,PNG,1254x1254,1970336,2026-06-06 23:47:59,c00dcb5a13303eba4a7daedd8a008569490cd00d3039e7a962d24b3785639231,66cde764e660e66063e06760efc08fe31be71b66db64bb65f3cdd35f33db35c3,"ENCONTRADA — NOMBRE EXACTO, OTRO FORMATO",99,"Nombre base exacto, PNG localizado y escena visual coherente.",,Revisión humana; convertir/redimensionar e integrar solo en fase posterior.,PENDIENTE DE REVISIÓN
DB-IMG-107,daisy-bloom-organizacion-comidas.webp,Hidratacion Alimentacion Consciente,Contenido editorial,P2,daisy-bloom-organizacion-comidas.png,/Users/danielfuentes/Downloads/daisy-bloom-organizacion-comidas.png,daisy-bloom-organizacion-comidas.png,PNG,1254x1254,2134157,2026-06-06 23:51:21,5e613a83d12bf03a9efb6aef68d9863182c4fdf892b23da111cbdc0ecc83eb05,beccfdccfd69fd217cb1fd81f989b998be363c7748f763f7e167fa8fff8ff1ee,"ENCONTRADA — NOMBRE EXACTO, OTRO FORMATO",99,"Nombre base exacto, PNG localizado y escena visual coherente.",,Revisión humana; convertir/redimensionar e integrar solo en fase posterior.,PENDIENTE DE REVISIÓN
DB-IMG-109,daisy-bloom-organizacion-dia.webp,Organizacion Estilo De Vida,Contenido editorial,P2,daisy-bloom-organizacion-dia.png,/Users/danielfuentes/Downloads/daisy-bloom-organizacion-dia.png,daisy-bloom-organizacion-dia.png,PNG,1254x1254,1950907,2026-06-07 00:24:16,3ced36fe1d7a74e31e3f158ef4a2fbb4b946b174edc62cc76d44e36e5039cb09,f98ae90af24ae64ae6c2c3c2d1c039c839ca186a18489c6007623646207a403c,"ENCONTRADA — NOMBRE EXACTO, OTRO FORMATO",99,"Nombre base exacto, PNG localizado y escena visual coherente.",,Revisión humana; convertir/redimensionar e integrar solo en fase posterior.,PENDIENTE DE REVISIÓN
DB-IMG-078,daisy-bloom-espacios-ligeros.webp,Organizacion Estilo De Vida,Contenido editorial,P2,daisy-bloom-espacios-ligeros.png,/Users/danielfuentes/Downloads/daisy-bloom-espacios-ligeros.png,daisy-bloom-espacios-ligeros.png,PNG,1254x1254,2115309,2026-06-07 00:25:29,424100ecb977da88bce11bacbe4e6481444cdb4af2a722338e2302838f6df589,b5c136c12f81dfc13f018f018e435e835b0fb31bfc1bed18e48878983e9431cd,"ENCONTRADA — NOMBRE EXACTO, OTRO FORMATO",99,"Nombre base exacto, PNG localizado y escena visual coherente.",,Revisión humana; convertir/redimensionar e integrar solo en fase posterior.,PENDIENTE DE REVISIÓN
DB-IMG-134,daisy-bloom-rutina-semanal-realista.webp,Organizacion Estilo De Vida,Contenido editorial,P2,daisy-bloom-rutina-semanal-realista.png,/Users/danielfuentes/Downloads/daisy-bloom-rutina-semanal-realista.png,daisy-bloom-rutina-semanal-realista.png,PNG,1254x1254,1944157,2026-06-07 00:32:24,57420a71412961a35702b186a592437e5611717fc13a506bb9e1601579acbd19,d815d956db17df9e5d985d98df925b931a97da898f181bfa8b8eb27e9279f87f,"ENCONTRADA — NOMBRE EXACTO, OTRO FORMATO",99,"Nombre base exacto, PNG localizado y escena visual coherente.",,Revisión humana; convertir/redimensionar e integrar solo en fase posterior.,PENDIENTE DE REVISIÓN
DB-IMG-093,daisy-bloom-limites-digitales.webp,Organizacion Estilo De Vida,Contenido editorial,P2,daisy-bloom-limites-digitales.png,/Users/danielfuentes/Downloads/daisy-bloom-limites-digitales.png,daisy-bloom-limites-digitales.png,PNG,1254x1254,1892270,2026-06-07 00:34:03,25ea244c278093213e58a50357c62d9a02c2169b9799c5994598cc5776f7ff55,78c074c07d90fd30ff20fb6029c009c289c6c3cce146f0cef29ef30efb9e7c8e,"ENCONTRADA — NOMBRE EXACTO, OTRO FORMATO",99,"Nombre base exacto, PNG localizado y escena visual coherente.",,Revisión humana; convertir/redimensionar e integrar solo en fase posterior.,PENDIENTE DE REVISIÓN
DB-IMG-058,daisy-bloom-daisy-guia-habitos-saludables.webp,Habitos Saludables,Daisy como guía,P1,daisy-bloom-daisy-guia-habitos-saludables.png,/Users/danielfuentes/Downloads/daisy-bloom-daisy-guia-habitos-saludables.png,daisy-bloom-daisy-guia-habitos-saludables.png,PNG,1122x1402,2050601,2026-06-06 22:16:43,c8bcd8578b4cafd76fcf84b43d6dd202968261ba1b38b55ec3e46068b087c423,0508070e062b260b6e071cc6161e270f278e49cf49874703071105b407a43f30,"ENCONTRADA — NOMBRE EXACTO, OTRO FORMATO",99,"Nombre base exacto, PNG localizado y escena visual coherente.",,Revisión humana; convertir/redimensionar e integrar solo en fase posterior.,PENDIENTE DE REVISIÓN
DB-IMG-056,daisy-bloom-daisy-guia-descanso-calma.webp,Descanso Calma Equilibrio,Daisy como guía,P1,daisy-bloom-daisy-guia-descanso-calma.png,/Users/danielfuentes/Downloads/daisy-bloom-daisy-guia-descanso-calma.png,daisy-bloom-daisy-guia-descanso-calma.png,PNG,1254x1254,2287694,2026-06-06 23:10:14,892f25e121d57e3bd1117f31b19696019ce468c0f6fc8c7c5a6165c2a0252c4b,58f11b331fbb1d9e5ccd7ccb7e4d774d2765276665b62c902cd806eb4787838f,"ENCONTRADA — NOMBRE EXACTO, OTRO FORMATO",99,"Nombre base exacto, PNG localizado y escena visual coherente.",,Revisión humana; convertir/redimensionar e integrar solo en fase posterior.,PENDIENTE DE REVISIÓN
DB-IMG-059,daisy-bloom-daisy-guia-hidratacion-alimentacion.webp,Hidratacion Alimentacion Consciente,Daisy como guía,P1,daisy-bloom-daisy-guia-hidratacion-alimentacion.png,/Users/danielfuentes/Downloads/daisy-bloom-daisy-guia-hidratacion-alimentacion.png,daisy-bloom-daisy-guia-hidratacion-alimentacion.png,PNG,1254x1254,2206492,2026-06-06 23:56:23,02355e5336f3bf3fc3e69d1c9b9c408899e8c849dc40c28581fec15ed3f37250,edc8ed20ef24ee68ee68cec0c7c697e791e401e205e6cce6b256a32235a205c2,"ENCONTRADA — NOMBRE EXACTO, OTRO FORMATO",99,"Nombre base exacto, PNG localizado y escena visual coherente.",,Revisión humana; convertir/redimensionar e integrar solo en fase posterior.,PENDIENTE DE REVISIÓN
DB-IMG-082,daisy-bloom-habitos-saludables-hero.webp,Habitos Saludables,Hero / primer viewport,P0,daisy-bloom-habitos-saludables-hero.png,/Users/danielfuentes/Downloads/daisy-bloom-habitos-saludables-hero.png,daisy-bloom-habitos-saludables-hero.png,PNG,1086x1448,2116689,2026-06-06 22:02:17,4ef42288a42b0bb6fc604ea08ce00cb58b0e2fd08b5b5bb057b91b6aa435593c,3c301836303434342034603448340036119e1b1f341e00be203640a667960f0b,"ENCONTRADA — NOMBRE EXACTO, OTRO FORMATO",99,"Nombre base exacto, PNG localizado y escena visual coherente.",,Revisión humana; convertir/redimensionar e integrar solo en fase posterior.,PENDIENTE DE REVISIÓN
DB-IMG-069,daisy-bloom-descanso-calma-equilibrio-hero.webp,Descanso Calma Equilibrio,Hero / primer viewport,P0,daisy-bloom-descanso-calma-equilibrio-hero.png,/Users/danielfuentes/Downloads/daisy-bloom-descanso-calma-equilibrio-hero.png,daisy-bloom-descanso-calma-equilibrio-hero.png,PNG,1122x1402,2039544,2026-06-06 23:11:21,8582f4a7e619e34e53b9a456abc430d1408b3252af51e779409aafef5a3afe4e,3fe03ce018603a603e647ce676ce729df2a1f325fb2ffe8f3be501fc807ec01f,"ENCONTRADA — NOMBRE EXACTO, OTRO FORMATO",99,"Nombre base exacto, PNG localizado y escena visual coherente.",,Revisión humana; convertir/redimensionar e integrar solo en fase posterior.,PENDIENTE DE REVISIÓN
DB-IMG-086,daisy-bloom-hidratacion-alimentacion-consciente-hero.webp,Hidratacion Alimentacion Consciente,Hero / primer viewport,P0,daisy-bloom-hidratacion-alimentacion-consciente-hero..png,/Users/danielfuentes/Downloads/daisy-bloom-hidratacion-alimentacion-consciente-hero..png,daisy-bloom-hidratacion-alimentacion-consciente-hero..png,PNG,1124x1399,1868231,2026-06-06 23:27:09,24b01c6a5e515b750db3325467cfcea34deb58fc6f2be4b236dbf7ab33806cb1,7f807f80be483ec83ec13fc077d076505bd34fcf8f8fcda58de5c11fc044d207,"ENCONTRADA — NOMBRE EXACTO, OTRO FORMATO",99,"Nombre base exacto, PNG localizado y escena visual coherente.",,Revisión humana; convertir/redimensionar e integrar solo en fase posterior.,PENDIENTE DE REVISIÓN
DB-IMG-110,daisy-bloom-organizacion-estilo-de-vida-hero.webp,Organizacion Estilo De Vida,Hero / primer viewport,P0,daisy-bloom-organizacion-estilo-de-vida-hero.png,/Users/danielfuentes/Downloads/daisy-bloom-organizacion-estilo-de-vida-hero.png,daisy-bloom-organizacion-estilo-de-vida-hero.png,PNG,1124x1399,2109587,2026-06-07 00:24:34,4e0a6fe265cb67467553a4f964a53edffb25f6f2e7017a921311e19735a54764,db135f135e9a5d9e5d9c779c7693639369a6e5a631e9399a8c8b8dc9c3e9c3e0,"ENCONTRADA — NOMBRE EXACTO, OTRO FORMATO",99,"Nombre base exacto, PNG localizado y escena visual coherente.",,Revisión humana; convertir/redimensionar e integrar solo en fase posterior.,PENDIENTE DE REVISIÓN
DB-IMG-083,daisy-bloom-habitos-saludables-og.webp,Habitos Saludables,Metadatos sociales,P0,daisy-bloom-habitos-saludables-og.png,/Users/danielfuentes/Downloads/daisy-bloom-habitos-saludables-og.png,daisy-bloom-habitos-saludables-og.png,PNG,1731x909,2121626,2026-06-06 22:00:43,2a472acc75830e19c2b29cfa9260caaa8b609c7eef649dbe4bb74f0f8ffb787f,9a1c9a9c9b9edb9c1f5f11d3909fb099b1bcb18eb306b326ef2eb3a461974123,"ENCONTRADA — NOMBRE EXACTO, OTRO FORMATO",99,"Nombre base exacto, PNG localizado y escena visual coherente.",,Revisión humana; convertir/redimensionar e integrar solo en fase posterior.,PENDIENTE DE REVISIÓN
DB-IMG-070,daisy-bloom-descanso-calma-equilibrio-og.webp,Descanso Calma Equilibrio,Metadatos sociales,P0,daisy-bloom-descanso-calma-equilibrio-og..png,/Users/danielfuentes/Downloads/daisy-bloom-descanso-calma-equilibrio-og..png,daisy-bloom-descanso-calma-equilibrio-og..png,PNG,1731x909,1962891,2026-06-06 22:59:45,4db20d21760b28b6caab140b896204bcc74a90dd361eb5b3de1ba7e6a0638c3e,c399e398e39cf3ccf3ccf5cd71c4a38c47854721853181b10a719e7398f1cda7,"ENCONTRADA — NOMBRE EXACTO, OTRO FORMATO",99,"Nombre base exacto, PNG localizado y escena visual coherente.",V1,Revisión humana; convertir/redimensionar e integrar solo en fase posterior.,PENDIENTE DE REVISIÓN
DB-IMG-070,daisy-bloom-descanso-calma-equilibrio-og.webp,Descanso Calma Equilibrio,Metadatos sociales,P0,daisy-bloom-descanso-calma-equilibrio-og.png,/Users/danielfuentes/Downloads/daisy-bloom-descanso-calma-equilibrio-og.png,daisy-bloom-descanso-calma-equilibrio-og.png,PNG,1731x909,2062888,2026-06-06 23:11:00,3ff79f9e1de971ee860dd3db9583f6f5a88a13bbd3f88cbd3405334083655f32,2f472d47784679473947394609462cc664c6a4a6aca6a846a846ac46b43bcc28,"ENCONTRADA — NOMBRE EXACTO, OTRO FORMATO",99,"Nombre base exacto, PNG localizado y escena visual coherente.",V1,Revisión humana; convertir/redimensionar e integrar solo en fase posterior.,PENDIENTE DE REVISIÓN
DB-IMG-087,daisy-bloom-hidratacion-alimentacion-consciente-og.webp,Hidratacion Alimentacion Consciente,Metadatos sociales,P0,daisy-bloom-hidratacion-alimentacion-consciente-og.png,/Users/danielfuentes/Downloads/daisy-bloom-hidratacion-alimentacion-consciente-og.png,daisy-bloom-hidratacion-alimentacion-consciente-og.png,PNG,1731x909,1796923,2026-06-06 23:25:54,7235b26bc13c6e19e760971f6f2599766db3426f026feae43de8c8a99a834bd1,e64c6c4d6c0cf80cfa2c9a2e9a869a060a86428643c6c1cef5c69886a0a660a6,"ENCONTRADA — NOMBRE EXACTO, OTRO FORMATO",99,"Nombre base exacto, PNG localizado y escena visual coherente.",,Revisión humana; convertir/redimensionar e integrar solo en fase posterior.,PENDIENTE DE REVISIÓN
DB-IMG-138,daisy-bloom-vida-natural-bloom-og.webp,Vida Natural Bloom,Metadatos sociales,P0,4c3d1873-e934-42d3-8e2b-e20675eda48c.png,/Users/danielfuentes/Downloads/4c3d1873-e934-42d3-8e2b-e20675eda48c.png,4c3d1873-e934-42d3-8e2b-e20675eda48c.png,PNG,1731x909,2096794,2026-06-06 21:43:43,a7f619e5e35d85acc4b2715ca082d5801b1b8aa281eddeda6e73b1f489485fff,5e5edede5a9e53be633c8a7c9e4c9e4f9c9791b79939918d8889acf9e4f9e739,DUPLICADO VISUAL,99,Misma composición; dHash idéntico al OG integrado.,D1,Conservar como fuente; no cuenta entre las 112 faltantes.,PENDIENTE DE REVISIÓN
DB-IMG-137,daisy-bloom-vida-natural-bloom-hero.webp,Vida Natural Bloom,Hero / primer viewport,P0,4269783a-5197-46bd-aa3c-3564b4540bf2.png,/Users/danielfuentes/Downloads/4269783a-5197-46bd-aa3c-3564b4540bf2.png,4269783a-5197-46bd-aa3c-3564b4540bf2.png,PNG,1086x1448,2098411,2026-06-06 21:43:54,b5ed129fcc04db614655a1ba235fdc35ff4cbe423b35b37f74d62eada575976e,83c181c038403140710171017a216e232ca10db54bbc6a3d633853bab1c391e2,DUPLICADO VISUAL,95,Misma modelo y escena; conversión/recorte vertical integrado.,D2,Conservar como fuente; no cuenta entre las 112 faltantes.,PENDIENTE DE REVISIÓN
DB-IMG-129,daisy-bloom-rutas-vida-natural.webp,Vida Natural Bloom,Card o ruta relacionada,P1,1aa6811c-31ff-4787-9bc5-6027e458ae5f.png,/Users/danielfuentes/Downloads/1aa6811c-31ff-4787-9bc5-6027e458ae5f.png,1aa6811c-31ff-4787-9bc5-6027e458ae5f.png,PNG,1254x1254,2038051,2026-06-06 21:44:07,f98524261422e27dbd02b1809a4e50e85c6534f3a0ccbb117e80cd91bb7cd669,181f2c1f2e1e3e2fb4e99eedc169e449f882643e080f061c86328c6bb1cdfa1d,DUPLICADO VISUAL,99,Mismo bodegón editorial; dHash casi idéntico.,D3,Conservar como fuente; no cuenta entre las 112 faltantes.,PENDIENTE DE REVISIÓN
DB-IMG-084,daisy-bloom-habitos-saludables.webp,Descanso Calma Equilibrio,Contenido editorial,P2,663a92f8-1e55-4e47-b6f3-fec4d107ccd9.png,/Users/danielfuentes/Downloads/663a92f8-1e55-4e47-b6f3-fec4d107ccd9.png,663a92f8-1e55-4e47-b6f3-fec4d107ccd9.png,PNG,1122x1402,2121839,2026-06-06 21:44:15,b281f8fefe68dfd5491ef34ae919d5c50c5dac39d3711e62b0e5ea086807d0fd,a022c082c587c727c6277667cdc3c3e759e631277093499151dcb0c61cc24240,DUPLICADO VISUAL,99,Misma escena de escritura; dHash casi idéntico.,D4,Conservar como fuente; no cuenta entre las 112 faltantes.,PENDIENTE DE REVISIÓN
DB-IMG-067,daisy-bloom-daisy-guia-vida-natural.webp,Vida Natural Bloom,Daisy como guía,P1,3832a892-10a9-44d9-8e80-bf472dce2c1d.png,/Users/danielfuentes/Downloads/3832a892-10a9-44d9-8e80-bf472dce2c1d.png,3832a892-10a9-44d9-8e80-bf472dce2c1d.png,PNG,1122x1402,2129649,2026-06-06 21:44:23,8460753446d0ccbe12798a01ef40d1b432a53e63720466f8a3406552a44178a8,79b87f9876c87ee77ce47cc73e325e231e237ca23c4edc1ef8c7e137bc067ccc,DUPLICADO VISUAL,99,Mismo retrato; dHash casi idéntico.,D5,Conservar como fuente; no cuenta entre las 112 faltantes.,PENDIENTE DE REVISIÓN
DB-IMG-041,daisy-bloom-cta-vida-natural.webp,Vida Natural Bloom,CTA final,P1,7af32c0a-a127-4d05-abab-22ed3a9624e0.png,/Users/danielfuentes/Downloads/7af32c0a-a127-4d05-abab-22ed3a9624e0.png,7af32c0a-a127-4d05-abab-22ed3a9624e0.png,PNG,1122x1402,1803495,2026-06-06 21:44:30,83d9415d5fe502b8b9704f6172a36451970f46dfb8454721d0f9f3754f10d6aa,d05fd0ffd8ffdc7ffc7adcfa9c7fb839282d303d3117310f1f3371db789f7193,DUPLICADO VISUAL,98,Misma modelo y mesa; variante del CTA integrado.,D6,Conservar como fuente; no cuenta entre las 112 faltantes.,PENDIENTE DE REVISIÓN
DB-IMG-002,daisy-bloom-alimentacion-consciente.webp,Hidratacion Alimentacion Consciente,Contenido editorial,P2,daisy-bloom-alimentacion-consciente-dos-mujeres.png,/Users/danielfuentes/Downloads/daisy-bloom-alimentacion-consciente-dos-mujeres.png,daisy-bloom-alimentacion-consciente-dos-mujeres.png,PNG,1254x1254,2171841,2026-06-06 23:59:19,a5c004a0539f07638d2ffe209e35803ffbe2fb80e26f9368233c07960aadc0f3,33e0f0c062cc66ccc5e869f03db41da40f164f860d8c8ec900e502de02dc00e0,VARIANTE ALTERNATIVA,85,Variante coherente con dos mujeres; también existe el nombre exacto.,V2,Revisar después del candidato exacto; no descontar adicionalmente.,PENDIENTE DE REVISIÓN
DB-IMG-134,daisy-bloom-rutina-semanal-realista.webp,Organizacion Estilo De Vida,Contenido editorial,P2,daisy-bloom-sostener-estilo-vida-claro.png,/Users/danielfuentes/Downloads/daisy-bloom-sostener-estilo-vida-claro.png,daisy-bloom-sostener-estilo-vida-claro.png,PNG,1254x1254,2072231,2026-06-07 00:35:01,93778c0d769a8842d87f23782e24b6c53eaee58c89cfb39982400c5af6324aea,f185b991b19371917d911c99148f048d8784a30f1d161f125f021c6f9c2fcc7f,CANDIDATA POSIBLE,70,Tema compatible; el nombre exacto tiene mayor prioridad.,V3,Revisar después del candidato exacto; no descontar adicionalmente.,PENDIENTE DE REVISIÓN
DB-IMG-084,daisy-bloom-habitos-saludables.webp,Descanso Calma Equilibrio,Contenido editorial,P2,daisy-bloom-habitos-saludables.png,/Users/danielfuentes/Downloads/daisy-bloom-habitos-saludables.png,daisy-bloom-habitos-saludables.png,PNG,1254x1254,2121631,2026-06-06 23:09:54,e64fa358234207e794956832520cdaea1c5b5d234a014134e1eb2862eef7df27,9b6031f071e8606c61ece6fc323093828b8b0b8a8f820c8258a111d805f11f09,VARIANTE ALTERNATIVA,85,Regeneración para un asset ya integrado.,D4,Revisar después del candidato exacto; no descontar adicionalmente.,PENDIENTE DE REVISIÓN
